{"bonusWeightedHitSum": 0.005787037037037037, "bonusMaxLineFrequency": 9.827488151658766, "bonusWeightedHitRatio": {"3x": 0.004862718621399177, "5x": 4.01877572016461e-05, "4x": 0.000884130658436214}, "bonusHitRatioDict": {"3x": 0.004862718621399177, "5x": 4.018775720164609e-06, "4x": 0.0002210326646090535}, "bonusPayValue": 46.656, "bonusHitDict": {"3x": 1210, "5x": 1, "4x": 55}, "totalComboCounts": 248832, "bonusHitRatioSum": 0.005087770061728396, "bonusPayPercentage": 27, "bonusMaxLineHitRatio": 0.10175540123456792}