{

	"Scatter Multiplier Payout": 18.0424,
	"Line Payout": 61.2448652159,
	"Bonus Payout": 0,
	"Scatter Payout": 1.13596282221,
	"Net Payout": 90.06738556
	}