{"singleLineHitCount": 26784, "singleLineHitRatio": 0.1076388888888889, "linePayAmount": 408840, "maxLineHitRatio": 2.1527777777777777, "totalLineCombos": 248832, "linePayPercentage": 164.30362654320987}