{

	"singleLineHitCount": 4456095,
	"singleLineHitRatio": 0.0642607545456,
	"linePayAmount": 42469613,
	"maxLineHitRatio": 2.2491264091,
	"totalLineCombos": 69343957,
	"linePayPercentage": 61.2448652159
	}