{"scatterFrequency": 9.660377358490566, "scatterHitRatioSum": 0.103515625, "scatterMultiplier": 2.5664160401002505, "scatterHitDict": {"3x": 21870, "5x": 243, "4x": 3645}, "scatterFrequencyDict": {"3x": 11.377777777777778, "5x": 1024.0, "4x": 68.26666666666667}, "scatterPayFactorSum": 0.6103515625, "scatterHitRatioDict": {"3x": 0.087890625, "5x": 0.0009765625, "4x": 0.0146484375}, "totalCombos": 248832, "scatterPayFactorDict": {"3x": 0.439453125, "5x": 0.0244140625, "4x": 0.146484375}}