{

	"scatterFrequency": 44.9418003685,
	"scatterHitRatioSum": 0.022251,
	"scatterMultiplierFactor": 1.13596282221,
	"scatterHitDict": {

		"3": 1434753,
		"2": 9166968,
		"5": 2916,
		"4": 105300
	
	},
	"scatterFrequencyDict": {

		"3": 48.3315934,
		"2": 7.5645483,
		"5": 23752.9691211,
		"4": 658.5446164
	
	},
	"scatterPayFactorSum": 0.1196895,
	"scatterHitRatioDict": {

		"3": 0.0206904,
		"2": 0.1321956,
		"5": 4.21e-05,
		"4": 0.0015185
	
	},
	"totalCombos": 69343957,
	"scatterPayFactorDict": {

		"3": 0.103452,
		"2": 0.0,
		"5": 0.0010525,
		"4": 0.015185
	
	}
	}