{

	"bonusWeightedHitSum": 0.00125,
	"bonusMaxLineFrequency": 1.77049905942,
	"bonusWeightedHitRatio": {

		"3": 0.001128125,
		"2": 0.0,
		"5": 3.125e-06,
		"4": 0.00011875
	
	},
	"bonusHitRatioDict": {

		"3": 0.001128125,
		"2": 0.021434375,
		"5": 3.125e-07,
		"4": 2.96875e-05
	
	},
	"bonusPayValue": 216.0,
	"bonusHitDict": {

		"3": 115520,
		"2": 2194880,
		"5": 32,
		"4": 3040
	
	},
	"totalComboCounts": 102400000,
	"bonusHitRatioSum": 0.0225925,
	"bonusPayPercentage": 27,
	"bonusMaxLineHitRatio": 0.5648125
	}