{
	"singleLineHitCount": 7596800, 
	"singleLineHitRatio": 0.0741875, 
	"linePayAmount": 61683992, 
	"maxLineHitRatio": 1.8546875, 
	"totalLineCombos": 102400000, 
	"linePayPercentage": 60.2382734375
}