{

	"scatterFrequency": 51.8226008727,
	"scatterHitRatioSum": 0.0192966,
	"scatterMultiplierFactor": 1.11925092565,
	"scatterHitDict": {

		"3": 1836000,
		"2": 12068640,
		"5": 3888,
		"4": 136080
	
	},
	"scatterFrequencyDict": {

		"3": 55.7733816,
		"2": 8.4848012,
		"5": 26315.7894737,
		"4": 752.5020694
	
	},
	"scatterPayFactorSum": 0.1065453,
	"scatterHitRatioDict": {

		"3": 0.0179297,
		"2": 0.1178578,
		"5": 3.8e-05,
		"4": 0.0013289
	
	},
	"totalCombos": 102400000,
	"scatterPayFactorDict": {

		"3": 0.0896485,
		"2": 0.0,
		"5": 0.00095,
		"4": 0.0159468
	
	}
	}