{"Line Payout": 164.30362654320987, "Bonus Payout": 27, "Scatter Payout": 2.5664160401002505, "Net Payout": 490.96469568984185}