{

	"Scatter Multiplier Payout": 0,
	"Line Payout": 65.5603997709,
	"Bonus Payout": 0,
	"Scatter Payout": 1.12086512854,
	"Net Payout": 73.4843659163
	}