{

	"singleLineHitCount": 3734016,
	"singleLineHitRatio": 0.0718553139606,
	"linePayAmount": 34068960,
	"maxLineHitRatio": 2.51493598862,
	"totalLineCombos": 51965760,
	"linePayPercentage": 65.5603997709
	}