{

	"scatterFrequency": 49.8410071871,
	"scatterHitRatioSum": 0.0200638,
	"scatterMultiplierFactor": 1.12086512854,
	"scatterHitDict": {

		"3": 970380,
		"2": 6380280,
		"5": 1944,
		"4": 70308
	
	},
	"scatterFrequencyDict": {

		"3": 53.5521116,
		"2": 8.1447485,
		"5": 26737.9679144,
		"4": 739.0983001
	
	},
	"scatterPayFactorSum": 0.107832,
	"scatterHitRatioDict": {

		"3": 0.0186734,
		"2": 0.1227785,
		"5": 3.74e-05,
		"4": 0.001353
	
	},
	"totalCombos": 51965760,
	"scatterPayFactorDict": {

		"3": 0.093367,
		"2": 0.0,
		"5": 0.000935,
		"4": 0.01353
	
	}
	}