{

	"Scatter Multiplier Payout": 0,
	"Line Payout": 286.57835467,
	"Bonus Payout": 0,
	"Scatter Payout": 1.06384167057,
	"Net Payout": 304.873995581
	}