{

	"singleLineHitCount": 285120,
	"singleLineHitRatio": 0.192034139403,
	"linePayAmount": 4254932,
	"maxLineHitRatio": 6.72119487909,
	"totalLineCombos": 1484736,
	"linePayPercentage": 286.57835467
	}