{

	"bonusWeightedHitSum": 0.000898645172355,
	"bonusMaxLineFrequency": 1.32728335531,
	"bonusWeightedHitRatio": {

		"3": 0.000824009603842,
		"2": 0.0,
		"5": 1.56797412843e-06,
		"4": 7.30675943847e-05
	
	},
	"bonusHitRatioDict": {

		"3": 0.000824009603842,
		"2": 0.017993032315,
		"5": 1.56797412843e-07,
		"4": 1.82668985962e-05
	
	},
	"bonusPayValue": 189.173664122,
	"bonusHitDict": {

		"3": 42042,
		"2": 918027,
		"5": 8,
		"4": 932
	
	},
	"totalComboCounts": 51021250,
	"bonusHitRatioSum": 0.0188354656148,
	"bonusPayPercentage": 17,
	"bonusMaxLineHitRatio": 0.753418624593
	}