{

	"Scatter Multiplier Payout": 0,
	"Line Payout": 64.226846657,
	"Bonus Payout": 17,
	"Scatter Payout": 1.17162927822,
	"Net Payout": 95.1677517208
	}