{

	"singleLineHitCount": 4113550,
	"singleLineHitRatio": 0.0806242496999,
	"linePayAmount": 32769340,
	"maxLineHitRatio": 3.224969988,
	"totalLineCombos": 51021250,
	"linePayPercentage": 64.226846657
	}