{

	"scatterFrequency": 50.3456226998,
	"scatterHitRatioSum": 0.0198627,
	"scatterMultiplierFactor": 1.17162927822,
	"scatterHitDict": {

		"3": 942462,
		"2": 6187527,
		"5": 1944,
		"4": 69012
	
	},
	"scatterFrequencyDict": {

		"3": 54.1359896,
		"2": 8.2458245,
		"5": 26246.7191601,
		"4": 739.3168712
	
	},
	"scatterPayFactorSum": 0.1464877,
	"scatterHitRatioDict": {

		"3": 0.018472,
		"2": 0.1212735,
		"5": 3.81e-05,
		"4": 0.0013526
	
	},
	"totalCombos": 51021250,
	"scatterPayFactorDict": {

		"3": 0.129304,
		"2": 0.0,
		"5": 0.0009525,
		"4": 0.0162312
	
	}
	}