{"bonusWeightedHitSum": 0.0009391435011269722, "bonusMaxLineFrequency": 38.039799232359016, "bonusWeightedHitRatio": {"3": 0.0008557071983408982, "5": 1.94037913455986e-06, "4": 8.149592365151411e-05}, "bonusHitRatioDict": {"3": 0.0008557071983408982, "5": 1.9403791345598598e-07, "4": 2.0373980912878528e-05}, "bonusPayValue": 319.44, "bonusHitDict": {"3": 141120, "5": 32, "4": 3360}, "totalComboCounts": 164916224, "bonusHitRatioSum": 0.0008762752171672328, "bonusPayPercentage": 30, "bonusMaxLineHitRatio": 0.026288256515016983}