{

	"bonusWeightedHitSum": 0.000939143501127,
	"bonusMaxLineFrequency": 1.76871006047,
	"bonusWeightedHitRatio": {

		"3": 0.000855707198341,
		"2": 0.0,
		"5": 1.94037913456e-06,
		"4": 8.14959236515e-05
	
	},
	"bonusHitRatioDict": {

		"3": 0.000855707198341,
		"2": 0.0179698511652,
		"5": 1.94037913456e-07,
		"4": 2.03739809129e-05
	
	},
	"bonusPayValue": 319.44,
	"bonusHitDict": {

		"3": 141120,
		"2": 2963520,
		"5": 32,
		"4": 3360
	
	},
	"totalComboCounts": 164916224,
	"bonusHitRatioSum": 0.0188461263823,
	"bonusPayPercentage": 30,
	"bonusMaxLineHitRatio": 0.56538379147
	}