{

	"Scatter Multiplier Payout": 0,
	"Line Payout": 58.7252028036,
	"Bonus Payout": 30,
	"Scatter Payout": 1.08804728915,
	"Net Payout": 96.5372163897
	}