{"Line Payout": 58.699056194738, "Bonus Payout": 30, "Scatter Payout": 1.0880468860509354, "Net Payout": 96.50873188834161}