{

	"singleLineHitCount": 10009120,
	"singleLineHitRatio": 0.0606921487603,
	"linePayAmount": 96847387,
	"maxLineHitRatio": 1.82076446281,
	"totalLineCombos": 164916224,
	"linePayPercentage": 58.7252028036
	}