{
	"singleLineHitCount": 10009120, 
	"singleLineHitRatio": 0.06069214876033058, 
	"linePayAmount": 96804267, 
	"maxLineHitRatio": 1.8207644628099173, 
	"totalLineCombos": 164916224, 
	"linePayPercentage": 58.699056194738
}