{

	"scatterFrequency": 67.6622032167,
	"scatterHitRatioSum": 0.0147793,
	"scatterMultiplierFactor": 1.08804728915,
	"scatterHitDict": {

		"3": 2281824,
		"2": 16738848,
		"5": 3888,
		"4": 151632
	
	},
	"scatterFrequencyDict": {

		"3": 72.273657,
		"2": 9.8523041,
		"5": 42372.8813559,
		"4": 1087.665869
	
	},
	"scatterPayFactorSum": 0.0809223,
	"scatterHitRatioDict": {

		"3": 0.0138363,
		"2": 0.1014991,
		"5": 2.36e-05,
		"4": 0.0009194
	
	},
	"totalCombos": 164916224,
	"scatterPayFactorDict": {

		"3": 0.0691815,
		"2": 0.0,
		"5": 0.000708,
		"4": 0.0110328
	
	}
	}