{

	"Scatter Multiplier Payout": 0,
	"Line Payout": 81.7558668582,
	"Bonus Payout": 0,
	"Scatter Payout": 1.18656842513,
	"Net Payout": 97.0089301831
	}