{

	"singleLineHitCount": 1901704,
	"singleLineHitRatio": 0.0813194444444,
	"linePayAmount": 19119100,
	"maxLineHitRatio": 2.84618055556,
	"totalLineCombos": 23385600,
	"linePayPercentage": 81.7558668582
	}