{

	"scatterFrequency": 46.9243438804,
	"scatterHitRatioSum": 0.0213109,
	"scatterMultiplierFactor": 1.18656842513,
	"scatterHitDict": {

		"3": 463212,
		"2": 2998008,
		"5": 972,
		"4": 34182
	
	},
	"scatterFrequencyDict": {

		"3": 50.4856722,
		"2": 7.8003789,
		"5": 24038.4615385,
		"4": 684.1349114
	
	},
	"scatterPayFactorSum": 0.1572336,
	"scatterHitRatioDict": {

		"3": 0.0198076,
		"2": 0.1281989,
		"5": 4.16e-05,
		"4": 0.0014617
	
	},
	"totalCombos": 23385600,
	"scatterPayFactorDict": {

		"3": 0.1386532,
		"2": 0.0,
		"5": 0.00104,
		"4": 0.0175404
	
	}
	}