{

	"bonusWeightedHitSum": 0.00157937338361,
	"bonusMaxLineFrequency": 1.90942656039,
	"bonusWeightedHitRatio": {

		"3": 0.00141324499264,
		"2": 0.0,
		"5": 4.61467752698e-06,
		"4": 0.000161513713444
	
	},
	"bonusHitRatioDict": {

		"3": 0.00141324499264,
		"2": 0.0247317873712,
		"5": 4.61467752698e-07,
		"4": 4.03784283611e-05
	
	},
	"bonusPayValue": 170.953875,
	"bonusHitDict": {

		"3": 98000,
		"2": 1715000,
		"5": 32,
		"4": 2800
	
	},
	"totalComboCounts": 69343957,
	"bonusHitRatioSum": 0.0261858722599,
	"bonusPayPercentage": 27,
	"bonusMaxLineHitRatio": 0.523717445199
	}