{"Line Payout": 60.69926756559335, "Bonus Payout": 27, "Scatter Payout": 1.0987522933006222, "Net Payout": 96.35977135848056}