{

	"Scatter Multiplier Payout": 0,
	"Line Payout": 60.6992675656,
	"Bonus Payout": 27,
	"Scatter Payout": 1.09875137893,
	"Net Payout": 96.3596911689
	}