{

	"singleLineHitCount": 4965363,
	"singleLineHitRatio": 0.0716048407794,
	"linePayAmount": 42091274,
	"maxLineHitRatio": 1.43209681559,
	"totalLineCombos": 69343957,
	"linePayPercentage": 60.6992675656
	}