{
	"singleLineHitCount": 4965363, 
	"singleLineHitRatio": 0.07160484077942077, 
	"linePayAmount": 42091274, 
	"maxLineHitRatio": 1.4320968155884153, 
	"totalLineCombos": 69343957, 
	"linePayPercentage": 60.69926756559335
}