{"scatterFrequency": 59.54775570840954, "scatterHitRatioSum": 0.01679324414671058, "scatterMultiplier": 1.0987522933006222, "scatterHitDict": {"3x": 1088370, "5x": 1944, "4x": 74196}, "scatterFrequencyDict": {"3x": 63.71358729108667, "5x": 35670.759773662554, "4x": 934.6050595719446}, "scatterPayFactorSum": 0.08987675739358225, "scatterHitRatioDict": {"3x": 0.015695239312633977, "5x": 2.803416597642387e-05, "4x": 0.0010699706681001778}, "totalCombos": 69343957, "scatterPayFactorDict": {"3x": 0.07847619656316988, "5x": 0.0007008541494105968, "4x": 0.010699706681001777}}