{

	"scatterFrequency": 59.5479122502,
	"scatterHitRatioSum": 0.0167932,
	"scatterMultiplierFactor": 1.09875137893,
	"scatterHitDict": {

		"3": 1088370,
		"2": 7667199,
		"5": 1944,
		"4": 74196
	
	},
	"scatterFrequencyDict": {

		"3": 63.7137469,
		"2": 9.0442326,
		"5": 35714.2857143,
		"4": 934.5794393
	
	},
	"scatterPayFactorSum": 0.089876,
	"scatterHitRatioDict": {

		"3": 0.0156952,
		"2": 0.1105677,
		"5": 2.8e-05,
		"4": 0.00107
	
	},
	"totalCombos": 69343957,
	"scatterPayFactorDict": {

		"3": 0.078476,
		"2": 0.0,
		"5": 0.0007,
		"4": 0.0107
	
	}
	}