{

	"bonusWeightedHitSum": 0.00439993931118,
	"bonusMaxLineFrequency": 1.00779816514,
	"bonusWeightedHitRatio": {

		"3": 0.00375764931978,
		"2": 0.0,
		"5": 2.52870075355e-05,
		"4": 0.000617002983867
	
	},
	"bonusHitRatioDict": {

		"3": 0.00375764931978,
		"2": 0.0456986800182,
		"5": 2.52870075355e-06,
		"4": 0.000154250745967
	
	},
	"bonusPayValue": 61.3644827586,
	"bonusHitDict": {

		"3": 1486,
		"2": 18072,
		"5": 1,
		"4": 61
	
	},
	"totalComboCounts": 395460,
	"bonusHitRatioSum": 0.0496131087847,
	"bonusPayPercentage": 27,
	"bonusMaxLineHitRatio": 0.992262175694
	}