{"Line Payout": 184.7093621399177, "Bonus Payout": 27, "Scatter Payout": 2.5664160401002505, "Net Payout": 543.3343028352774}