{

	"Scatter Multiplier Payout": 0,
	"Line Payout": 211.505082689,
	"Bonus Payout": 27,
	"Scatter Payout": 1.9017571285,
	"Net Payout": 453.578741187
	}