{

	"singleLineHitCount": 46813,
	"singleLineHitRatio": 0.118376068376,
	"linePayAmount": 836418,
	"maxLineHitRatio": 2.36752136752,
	"totalLineCombos": 395460,
	"linePayPercentage": 211.505082689
	}