{"singleLineHitCount": 28914, "singleLineHitRatio": 0.11619888117283951, "linePayAmount": 459616, "maxLineHitRatio": 2.3239776234567904, "totalLineCombos": 248832, "linePayPercentage": 184.7093621399177}