{"scatterFrequency": 9.660377358490566, "scatterHitRatioSum": 0.103515625, "scatterMultiplier": 2.5664160401002505, "scatterHitDict": {"3": 21870, "5": 243, "4": 3645}, "scatterFrequencyDict": {"3": 11.377777777777778, "5": 1024.0, "4": 68.26666666666667}, "scatterPayFactorSum": 0.6103515625, "scatterHitRatioDict": {"3": 0.087890625, "5": 0.0009765625, "4": 0.0146484375}, "totalCombos": 248832, "scatterPayFactorDict": {"3": 0.439453125, "5": 0.0244140625, "4": 0.146484375}}