{

	"bonusWeightedHitSum": 0.000655358243716,
	"bonusMaxLineFrequency": 1.85053434233,
	"bonusWeightedHitRatio": {

		"3": 0.000606509962019,
		"2": 0.0,
		"5": 9.14761829523e-07,
		"4": 4.7933519867e-05
	
	},
	"bonusHitRatioDict": {

		"3": 0.000606509962019,
		"2": 0.0148209711619,
		"5": 9.14761829523e-08,
		"4": 1.19833799667e-05
	
	},
	"bonusPayValue": 320.43542904,
	"bonusHitDict": {

		"3": 53042,
		"2": 1296160,
		"5": 8,
		"4": 1048
	
	},
	"totalComboCounts": 87454458,
	"bonusHitRatioSum": 0.0154395559801,
	"bonusPayPercentage": 21,
	"bonusMaxLineHitRatio": 0.540384459303
	}