{

	"Scatter Multiplier Payout": 0,
	"Line Payout": 65.3531670164,
	"Bonus Payout": 21,
	"Scatter Payout": 1.11643651328,
	"Net Payout": 96.4078286945
	}