{

	"singleLineHitCount": 5847166,
	"singleLineHitRatio": 0.066859553346,
	"linePayAmount": 57154258,
	"maxLineHitRatio": 2.34008436711,
	"totalLineCombos": 87454458,
	"linePayPercentage": 65.3531670164
	}