{

	"scatterFrequency": 51.3916868807,
	"scatterHitRatioSum": 0.0194584,
	"scatterMultiplierFactor": 1.11643651328,
	"scatterHitDict": {

		"3": 1588005,
		"2": 10683873,
		"5": 2916,
		"4": 110808
	
	},
	"scatterFrequencyDict": {

		"3": 55.0718412,
		"2": 8.1856506,
		"5": 30030.03003,
		"4": 789.2659826
	
	},
	"scatterPayFactorSum": 0.104293,
	"scatterHitRatioDict": {

		"3": 0.0181581,
		"2": 0.122165,
		"5": 3.33e-05,
		"4": 0.001267
	
	},
	"totalCombos": 87454458,
	"scatterPayFactorDict": {

		"3": 0.0907905,
		"2": 0.0,
		"5": 0.0008325,
		"4": 0.01267
	
	}
	}