{

	"bonusWeightedHitSum": 0.000663681682416,
	"bonusMaxLineFrequency": 1.54353155857,
	"bonusWeightedHitRatio": {

		"3": 0.000617598040245,
		"2": 0.0,
		"5": 7.72351544765e-07,
		"4": 4.53112906262e-05
	
	},
	"bonusHitRatioDict": {

		"3": 0.000617598040245,
		"2": 0.0155676207165,
		"5": 7.72351544765e-08,
		"4": 1.13278226566e-05
	
	},
	"bonusPayValue": 210.944499011,
	"bonusHitDict": {

		"3": 143934,
		"2": 3628104,
		"5": 18,
		"4": 2640
	
	},
	"totalComboCounts": 233054496,
	"bonusHitRatioSum": 0.0161966238145,
	"bonusPayPercentage": 14,
	"bonusMaxLineHitRatio": 0.647864952582
	}