{"Line Payout": 73.49580417448801, "Bonus Payout": 14, "Scatter Payout": 1.1242532892783124, "Net Payout": 98.36744564121925}