{

	"Scatter Multiplier Payout": 0,
	"Line Payout": 73.4958041745,
	"Bonus Payout": 14,
	"Scatter Payout": 1.12425515285,
	"Net Payout": 98.3676086959
	}