{

	"singleLineHitCount": 16981216,
	"singleLineHitRatio": 0.0728637133866,
	"linePayAmount": 171285276,
	"maxLineHitRatio": 2.91454853546,
	"totalLineCombos": 233054496,
	"linePayPercentage": 73.4958041745
	}