{
	"singleLineHitCount": 16981216, 
	"singleLineHitRatio": 0.0728637133865892, 
	"linePayAmount": 171285276, 
	"maxLineHitRatio": 2.914548535463568, 
	"totalLineCombos": 233054496, 
	"linePayPercentage": 73.49580417448801
}